"","S.no","Library","Component","Language","Total_words","Translated","Untranslated","Fuzzy"
"1",1,"base (R GUI)","R","English",264,264,0,0
"2",2,"base (R GUI)","R","Danish",264,263,0,1
"3",3,"base (R GUI)","R","German",264,264,0,0
"4",4,"base (R GUI)","R","Spanish",264,264,0,0
"5",5,"base (R GUI)","R","Persian",264,256,0,8
"6",6,"base (R GUI)","R","French",264,264,0,0
"7",7,"base (R GUI)","R","Italian",264,264,0,0
"8",8,"base (R GUI)","R","Japanese",264,262,0,2
"9",9,"base (R GUI)","R","Korean",264,259,0,5
"10",10,"base (R GUI)","R","Lithuanian",264,258,0,6
"11",11,"base (R GUI)","R","Norwegian Nynorsk",264,256,0,8
"12",12,"base (R GUI)","R","Polish",264,264,0,0
"13",13,"base (R GUI)","R","Portuguese (Brazil)",264,256,0,8
"14",14,"base (R GUI)","R","Russian",264,264,0,0
"15",15,"base (R GUI)","R","Turkish",264,256,0,8
"16",16,"base (R GUI)","R","Chinese (Simplified Han script)",264,264,0,0
"17",17,"base (R GUI)","R","Chinese (Traditional Han script)",264,258,0,6
"18",18,"base (R GUI)","R","Arabic",264,261,3,0
"19",19,"base (R GUI)","R","Hindi",264,264,0,0
"20",20,"base (R GUI)","R","Nepali",264,264,0,0
"21",21,"base (R GUI)","R","Bengali",264,5,259,0
"22",22,"base (R GUI)","R","Catalan",264,264,0,0
"23",23,"base (R GUI)","R","Dutch",264,1,263,0
"24",24,"base (R GUI)","R","Hungarian",264,235,15,14
"25",25,"base (R GUI)","R","English (United Kingdom)",264,264,0,0
"26",26,"base (R GUI)","R","Indonesian",264,43,221,0
"27",1,"The R Project for Statistical Computing","English","English",235,235,0,0
"28",2,"The R Project for Statistical Computing","English","Danish",179,2,177,0
"29",3,"The R Project for Statistical Computing","English","German",179,6,173,0
"30",4,"The R Project for Statistical Computing","English","Spanish",207,149,58,0
"31",5,"The R Project for Statistical Computing","English","Persian",179,2,177,0
"32",6,"The R Project for Statistical Computing","English","French",179,19,159,1
"33",7,"The R Project for Statistical Computing","English","Italian",179,5,174,0
"34",8,"The R Project for Statistical Computing","English","Japanese",181,5,176,0
"35",9,"The R Project for Statistical Computing","English","Korean",179,5,174,0
"36",10,"The R Project for Statistical Computing","English","Lithuanian",179,2,177,0
"37",11,"The R Project for Statistical Computing","English","Norwegian Nynorsk",179,2,177,0
"38",12,"The R Project for Statistical Computing","English","Polish",175,175,0,0
"39",13,"The R Project for Statistical Computing","English","Portuguese (Brazil)",196,61,135,0
"40",14,"The R Project for Statistical Computing","English","Russian",179,11,168,0
"41",15,"The R Project for Statistical Computing","English","Turkish",181,5,176,0
"42",16,"The R Project for Statistical Computing","English","Chinese (Simplified Han script)",179,113,66,0
"43",17,"The R Project for Statistical Computing","English","Chinese (Traditional Han script)",179,2,177,0
"44",18,"The R Project for Statistical Computing","English","English (United Kingdom)",179,9,170,0
"45",19,"The R Project for Statistical Computing","English","Hungarian",179,6,170,3
"46",20,"The R Project for Statistical Computing","English","Arabic",179,179,0,0
"47",21,"The R Project for Statistical Computing","English","Albanian",179,2,177,0
"48",22,"The R Project for Statistical Computing","English","Hindi",184,28,156,0
"49",23,"The R Project for Statistical Computing","English","Indonesian",179,2,177,0
"50",24,"The R Project for Statistical Computing","English","Bengali",179,8,171,0
"51",25,"The R Project for Statistical Computing","English","Urdu",179,2,177,0
"52",26,"The R Project for Statistical Computing","English","Nepali",179,106,0,73
"53",27,"The R Project for Statistical Computing","English","Catalan",183,25,158,0
"54",28,"The R Project for Statistical Computing","English","Dutch",179,2,177,0
"55",29,"The R Project for Statistical Computing","English","Pangasinan",179,2,177,0
"56",30,"The R Project for Statistical Computing","English","Czech",176,1,175,0
"57",1,"base (R files)","R","English",587,587,0,0
"58",2,"base (R files)","R","Danish",587,448,63,76
"59",3,"base (R files)","R","German",587,571,5,11
"60",4,"base (R files)","R","Persian",587,1,586,0
"61",5,"base (R files)","R","French",587,575,2,10
"62",6,"base (R files)","R","Italian",587,553,13,21
"63",7,"base (R files)","R","Japanese",587,499,20,68
"64",8,"base (R files)","R","Korean",587,369,172,46
"65",9,"base (R files)","R","Lithuanian",587,517,37,33
"66",10,"base (R files)","R","Norwegian Nynorsk",587,347,81,159
"67",11,"base (R files)","R","Polish",587,575,3,9
"68",12,"base (R files)","R","Portuguese (Brazil)",587,565,6,16
"69",13,"base (R files)","R","Russian",587,548,24,15
"70",14,"base (R files)","R","Turkish",587,124,434,29
"71",15,"base (R files)","R","Chinese (Simplified Han script)",587,483,51,53
"72",16,"base (R files)","R","Chinese (Traditional Han script)",587,484,51,52
"73",17,"base (R files)","R","Hungarian",587,324,235,28
"74",18,"base (R files)","R","Arabic",587,578,5,4
"75",19,"base (R files)","R","Albanian",587,30,550,7
"76",20,"base (R files)","R","Spanish",587,550,20,17
"77",21,"base (R files)","R","Indonesian",587,13,574,0
"78",22,"base (R files)","R","Bengali",587,24,556,7
"79",23,"base (R files)","R","Urdu",587,1,586,0
"80",24,"base (R files)","R","Dutch",587,1,586,0
"81",25,"base (R files)","R","Hindi",587,28,553,6
"82",26,"base (R files)","R","Nepali",587,9,575,3
"83",27,"base (R files)","R","Catalan",587,569,6,12
"84",28,"base (R files)","R","English (United Kingdom)",587,568,5,14
"85",1,"base (C files)","C","English",1741,1741,0,0
"86",2,"base (C files)","C","Danish",1741,484,1080,177
"87",3,"base (C files)","C","German",1741,1675,12,54
"88",4,"base (C files)","C","Spanish",1741,1680,21,40
"89",5,"base (C files)","C","Persian",1741,3,1738,0
"90",6,"base (C files)","C","French",1741,1691,12,38
"91",7,"base (C files)","C","Italian",1741,1574,32,135
"92",8,"base (C files)","C","Japanese",1741,1341,135,265
"93",9,"base (C files)","C","Korean",1741,1167,364,210
"94",10,"base (C files)","C","Lithuanian",1741,1468,84,189
"95",11,"base (C files)","C","Norwegian Nynorsk",1741,1087,194,460
"96",12,"base (C files)","C","Polish",1741,1689,12,40
"97",13,"base (C files)","C","Portuguese (Brazil)",1741,1418,34,289
"98",14,"base (C files)","C","Russian",1741,1675,13,53
"99",15,"base (C files)","C","Turkish",1741,1088,201,452
"100",16,"base (C files)","C","Chinese (Simplified Han script)",1741,1388,121,232
"101",17,"base (C files)","C","Chinese (Traditional Han script)",1741,1401,108,232
"102",18,"base (C files)","C","Arabic",1741,1727,4,10
"103",19,"base (C files)","C","Albanian",1741,0,1623,118
"104",20,"base (C files)","C","English (United Kingdom)",1741,1633,42,66
"105",21,"base (C files)","C","Hindi",1741,51,1466,224
"106",22,"base (C files)","C","Nepali",1741,8,1432,301
"107",23,"base (C files)","C","Catalan",1741,308,23,1410
"108",24,"base (C files)","C","Dutch",1741,86,1649,6
"109",25,"base (C files)","C","Hungarian",1741,14,1718,9
"110",26,"base (C files)","C","Indonesian",1741,24,1713,4
"111",1,"compiler","English","English",38,38,0,0
"112",2,"compiler","English","Danish",38,30,5,3
"113",3,"compiler","English","German",38,38,0,0
"114",4,"compiler","English","French",38,38,0,0
"115",5,"compiler","English","Italian",38,38,0,0
"116",6,"compiler","English","Japanese",38,32,5,1
"117",7,"compiler","English","Korean",38,21,17,0
"118",8,"compiler","English","Lithuanian",38,38,0,0
"119",9,"compiler","English","Polish",38,38,0,0
"120",10,"compiler","English","Portuguese (Brazil)",38,38,0,0
"121",11,"compiler","English","Russian",38,38,0,0
"122",12,"compiler","English","Chinese (Simplified Han script)",38,34,3,1
"123",13,"compiler","English","Chinese (Traditional Han script)",38,38,0,0
"124",14,"compiler","English","Arabic",38,37,1,0
"125",15,"compiler","English","Nepali",38,6,32,0
"126",16,"compiler","English","Spanish",38,38,0,0
"127",17,"compiler","English","Hungarian",38,15,23,0
"128",18,"compiler","English","Catalan",38,38,0,0
"129",19,"compiler","English","English (United Kingdom)",38,38,0,0
"130",20,"compiler","English","Indonesian",38,32,6,0
"131",1,"grDevices (C files)","C","English",213,213,0,0
"132",2,"grDevices (C files)","C","Danish",213,78,67,68
"133",3,"grDevices (C files)","C","German",213,206,2,5
"134",4,"grDevices (C files)","C","English (United Kingdom)",213,206,2,5
"135",5,"grDevices (C files)","C","French",213,197,2,14
"136",6,"grDevices (C files)","C","Italian",213,179,6,28
"137",7,"grDevices (C files)","C","Japanese",213,142,46,25
"138",8,"grDevices (C files)","C","Korean",213,134,56,23
"139",9,"grDevices (C files)","C","Lithuanian",213,149,43,21
"140",10,"grDevices (C files)","C","Polish",213,206,2,5
"141",11,"grDevices (C files)","C","Portuguese (Brazil)",213,68,108,37
"142",12,"grDevices (C files)","C","Russian",213,206,2,5
"143",13,"grDevices (C files)","C","Chinese (Simplified Han script)",213,146,44,23
"144",14,"grDevices (C files)","C","Chinese (Traditional Han script)",213,146,44,23
"145",15,"grDevices (C files)","C","Arabic",213,18,193,2
"146",16,"grDevices (C files)","C","Spanish",213,174,37,2
"147",17,"grDevices (C files)","C","Dutch",213,1,212,0
"148",18,"grDevices (C files)","C","Hindi",213,2,210,1
"149",19,"grDevices (C files)","C","Hungarian",213,3,210,0
"150",20,"grDevices (C files)","C","Catalan",213,8,3,202
"151",21,"grDevices (C files)","C","Indonesian",213,55,157,1
"152",1,"grDevices (R files)","R","English",177,177,0,0
"153",2,"grDevices (R files)","R","Danish",177,92,43,42
"154",3,"grDevices (R files)","R","German",177,169,4,4
"155",4,"grDevices (R files)","R","English (United Kingdom)",177,170,3,4
"156",5,"grDevices (R files)","R","French",177,170,3,4
"157",6,"grDevices (R files)","R","Italian",177,142,22,13
"158",7,"grDevices (R files)","R","Japanese",177,121,37,19
"159",8,"grDevices (R files)","R","Korean",177,113,47,17
"160",9,"grDevices (R files)","R","Lithuanian",177,132,28,17
"161",10,"grDevices (R files)","R","Polish",177,170,3,4
"162",11,"grDevices (R files)","R","Portuguese (Brazil)",177,155,3,19
"163",12,"grDevices (R files)","R","Russian",177,169,4,4
"164",13,"grDevices (R files)","R","Chinese (Simplified Han script)",177,113,42,22
"165",14,"grDevices (R files)","R","Chinese (Traditional Han script)",177,121,37,19
"166",15,"grDevices (R files)","R","Arabic",177,170,3,4
"167",16,"grDevices (R files)","R","Spanish",177,176,0,1
"168",17,"grDevices (R files)","R","Hindi",177,2,175,0
"169",18,"grDevices (R files)","R","Catalan",177,10,7,160
"170",19,"grDevices (R files)","R","Indonesian",177,18,158,1
"171",1,"graphics (C files)","C","English",130,130,0,0
"172",2,"graphics (C files)","C","Danish",130,7,122,1
"173",3,"graphics (C files)","C","German",130,130,0,0
"174",4,"graphics (C files)","C","Spanish",130,130,0,0
"175",5,"graphics (C files)","C","French",130,130,0,0
"176",6,"graphics (C files)","C","Italian",130,130,0,0
"177",7,"graphics (C files)","C","Japanese",130,123,3,4
"178",8,"graphics (C files)","C","Korean",130,109,18,3
"179",9,"graphics (C files)","C","Lithuanian",130,128,0,2
"180",10,"graphics (C files)","C","Norwegian Nynorsk",130,102,7,21
"181",11,"graphics (C files)","C","Polish",130,130,0,0
"182",12,"graphics (C files)","C","Portuguese (Brazil)",130,118,3,9
"183",13,"graphics (C files)","C","Russian",130,130,0,0
"184",14,"graphics (C files)","C","Turkish",130,103,6,21
"185",15,"graphics (C files)","C","Chinese (Simplified Han script)",130,129,0,1
"186",16,"graphics (C files)","C","Chinese (Traditional Han script)",130,124,3,3
"187",17,"graphics (C files)","C","Arabic",130,12,118,0
"188",18,"graphics (C files)","C","Dutch",130,1,129,0
"189",19,"graphics (C files)","C","Hindi",130,4,126,0
"190",20,"graphics (C files)","C","Hungarian",130,2,128,0
"191",21,"graphics (C files)","C","Catalan",130,130,0,0
"192",22,"graphics (C files)","C","English (United Kingdom)",130,130,0,0
"193",23,"graphics (C files)","C","Indonesian",130,1,129,0
"194",1,"graphics (R files)","R","English",158,158,0,0
"195",2,"graphics (R files)","R","Danish",158,16,138,4
"196",3,"graphics (R files)","R","German",158,154,3,1
"197",4,"graphics (R files)","R","French",158,154,3,1
"198",5,"graphics (R files)","R","Italian",158,153,4,1
"199",6,"graphics (R files)","R","Japanese",158,142,10,6
"200",7,"graphics (R files)","R","Korean",158,130,22,6
"201",8,"graphics (R files)","R","Lithuanian",158,149,5,4
"202",9,"graphics (R files)","R","Polish",158,154,3,1
"203",10,"graphics (R files)","R","Portuguese (Brazil)",158,148,5,5
"204",11,"graphics (R files)","R","Russian",158,154,3,1
"205",12,"graphics (R files)","R","Chinese (Simplified Han script)",158,137,11,10
"206",13,"graphics (R files)","R","Chinese (Traditional Han script)",158,145,7,6
"207",14,"graphics (R files)","R","Arabic",158,15,143,0
"208",15,"graphics (R files)","R","Spanish",158,114,43,1
"209",16,"graphics (R files)","R","Hindi",158,21,136,1
"210",17,"graphics (R files)","R","Hungarian",158,2,156,0
"211",18,"graphics (R files)","R","Catalan",158,154,3,1
"212",19,"graphics (R files)","R","English (United Kingdom)",158,154,3,1
"213",20,"graphics (R files)","R","Indonesian",158,3,155,0
"214",1,"grid (C files)","C","English",44,44,0,0
"215",2,"grid (C files)","C","Danish",44,5,24,15
"216",3,"grid (C files)","C","German",44,43,1,0
"217",4,"grid (C files)","C","French",44,43,1,0
"218",5,"grid (C files)","C","Italian",44,42,2,0
"219",6,"grid (C files)","C","Japanese",44,24,20,0
"220",7,"grid (C files)","C","Korean",44,23,21,0
"221",8,"grid (C files)","C","Lithuanian",44,35,6,3
"222",9,"grid (C files)","C","Polish",44,43,1,0
"223",10,"grid (C files)","C","Portuguese (Brazil)",44,41,2,1
"224",11,"grid (C files)","C","Russian",44,43,1,0
"225",12,"grid (C files)","C","Chinese (Simplified Han script)",44,23,21,0
"226",13,"grid (C files)","C","Chinese (Traditional Han script)",44,24,20,0
"227",14,"grid (C files)","C","Arabic",44,2,42,0
"228",15,"grid (C files)","C","Spanish",44,43,1,0
"229",16,"grid (C files)","C","Hungarian",44,4,39,1
"230",17,"grid (C files)","C","Catalan",44,6,2,36
"231",18,"grid (C files)","C","English (United Kingdom)",44,43,1,0
"232",1,"grid (R files)","R","English",190,190,0,0
"233",2,"grid (R files)","R","Danish",190,8,113,69
"234",3,"grid (R files)","R","German",190,187,0,3
"235",4,"grid (R files)","R","French",190,186,2,2
"236",5,"grid (R files)","R","Italian",190,179,4,7
"237",6,"grid (R files)","R","Japanese",190,146,19,25
"238",7,"grid (R files)","R","Korean",190,123,44,23
"239",8,"grid (R files)","R","Lithuanian",190,157,13,20
"240",9,"grid (R files)","R","Polish",190,190,0,0
"241",10,"grid (R files)","R","Portuguese (Brazil)",190,137,0,53
"242",11,"grid (R files)","R","Russian",190,187,0,3
"243",12,"grid (R files)","R","Chinese (Simplified Han script)",190,137,21,32
"244",13,"grid (R files)","R","Chinese (Traditional Han script)",190,146,18,26
"245",14,"grid (R files)","R","Arabic",190,190,0,0
"246",15,"grid (R files)","R","Spanish",190,189,1,0
"247",16,"grid (R files)","R","Catalan",190,3,0,187
"248",17,"grid (R files)","R","English (United Kingdom)",190,189,0,1
"249",1,"methods (C files)","C","English",30,30,0,0
"250",2,"methods (C files)","C","Danish",30,22,3,5
"251",3,"methods (C files)","C","German",30,30,0,0
"252",4,"methods (C files)","C","French",30,30,0,0
"253",5,"methods (C files)","C","Italian",30,30,0,0
"254",6,"methods (C files)","C","Japanese",30,26,3,1
"255",7,"methods (C files)","C","Korean",30,26,4,0
"256",8,"methods (C files)","C","Lithuanian",30,16,0,14
"257",9,"methods (C files)","C","Polish",30,29,1,0
"258",10,"methods (C files)","C","Portuguese (Brazil)",30,27,0,3
"259",11,"methods (C files)","C","Russian",30,30,0,0
"260",12,"methods (C files)","C","Chinese (Simplified Han script)",30,30,0,0
"261",13,"methods (C files)","C","Chinese (Traditional Han script)",30,26,4,0
"262",14,"methods (C files)","C","Arabic",30,26,4,0
"263",15,"methods (C files)","C","Spanish",30,30,0,0
"264",16,"methods (C files)","C","Catalan",30,30,0,0
"265",17,"methods (C files)","C","English (United Kingdom)",30,30,0,0
"266",1,"methods (R files)","R","English",401,401,0,0
"267",2,"methods (R files)","R","Danish",401,5,374,22
"268",3,"methods (R files)","R","German",401,401,0,0
"269",4,"methods (R files)","R","French",401,400,0,1
"270",5,"methods (R files)","R","Italian",401,399,0,2
"271",6,"methods (R files)","R","Japanese",401,373,12,16
"272",7,"methods (R files)","R","Korean",401,287,107,7
"273",8,"methods (R files)","R","Lithuanian",401,392,5,4
"274",9,"methods (R files)","R","Polish",401,398,0,3
"275",10,"methods (R files)","R","Portuguese (Brazil)",401,123,138,140
"276",11,"methods (R files)","R","Russian",401,395,4,2
"277",12,"methods (R files)","R","Chinese (Simplified Han script)",401,381,9,11
"278",13,"methods (R files)","R","Chinese (Traditional Han script)",401,384,7,10
"279",14,"methods (R files)","R","Arabic",401,5,396,0
"280",15,"methods (R files)","R","Spanish",401,300,101,0
"281",16,"methods (R files)","R","Hungarian",401,58,342,1
"282",17,"methods (R files)","R","Catalan",401,19,0,382
"283",18,"methods (R files)","R","English (United Kingdom)",401,400,0,1
"284",1,"parallel (C files)","C","English",22,22,0,0
"285",2,"parallel (C files)","C","Danish",22,12,4,6
"286",3,"parallel (C files)","C","German",22,22,0,0
"287",4,"parallel (C files)","C","French",22,22,0,0
"288",5,"parallel (C files)","C","Italian",22,22,0,0
"289",6,"parallel (C files)","C","Korean",22,18,4,0
"290",7,"parallel (C files)","C","Lithuanian",22,22,0,0
"291",8,"parallel (C files)","C","Polish",22,22,0,0
"292",9,"parallel (C files)","C","Russian",22,22,0,0
"293",10,"parallel (C files)","C","Chinese (Simplified Han script)",22,19,1,2
"294",11,"parallel (C files)","C","Chinese (Traditional Han script)",22,22,0,0
"295",12,"parallel (C files)","C","Arabic",22,18,4,0
"296",13,"parallel (C files)","C","Spanish",22,22,0,0
"297",14,"parallel (C files)","C","Japanese",22,13,9,0
"298",15,"parallel (C files)","C","Dutch",22,1,21,0
"299",16,"parallel (C files)","C","Hindi",22,1,21,0
"300",17,"parallel (C files)","C","Hungarian",22,9,11,2
"301",18,"parallel (C files)","C","Catalan",22,22,0,0
"302",19,"parallel (C files)","C","English (United Kingdom)",22,22,0,0
"303",20,"parallel (C files)","C","Portuguese (Brazil)",22,22,0,0
"304",1,"parallel (R files)","R","English",40,40,0,0
"305",2,"parallel (R files)","R","Danish",40,25,8,7
"306",3,"parallel (R files)","R","German",40,38,1,1
"307",4,"parallel (R files)","R","French",40,38,1,1
"308",5,"parallel (R files)","R","Italian",40,36,2,2
"309",6,"parallel (R files)","R","Korean",40,26,12,2
"310",7,"parallel (R files)","R","Lithuanian",40,36,2,2
"311",8,"parallel (R files)","R","Polish",40,38,1,1
"312",9,"parallel (R files)","R","Russian",40,38,1,1
"313",10,"parallel (R files)","R","Chinese (Simplified Han script)",40,26,10,4
"314",11,"parallel (R files)","R","Chinese (Traditional Han script)",40,30,7,3
"315",12,"parallel (R files)","R","Arabic",40,38,1,1
"316",13,"parallel (R files)","R","Portuguese (Brazil)",40,25,13,2
"317",14,"parallel (R files)","R","Spanish",40,36,3,1
"318",15,"parallel (R files)","R","Japanese",40,36,2,2
"319",16,"parallel (R files)","R","Hindi",40,24,14,2
"320",17,"parallel (R files)","R","Nepali",40,2,38,0
"321",18,"parallel (R files)","R","Hungarian",40,27,8,5
"322",19,"parallel (R files)","R","Catalan",40,5,2,33
"323",20,"parallel (R files)","R","English (United Kingdom)",40,36,2,2
"324",1,"splines (C files)","C","English",3,3,0,0
"325",2,"splines (C files)","C","Danish",3,1,2,0
"326",3,"splines (C files)","C","German",3,3,0,0
"327",4,"splines (C files)","C","French",3,3,0,0
"328",5,"splines (C files)","C","Italian",3,3,0,0
"329",6,"splines (C files)","C","Japanese",3,1,2,0
"330",7,"splines (C files)","C","Korean",3,3,0,0
"331",8,"splines (C files)","C","Lithuanian",3,3,0,0
"332",9,"splines (C files)","C","Polish",3,3,0,0
"333",10,"splines (C files)","C","Portuguese (Brazil)",3,3,0,0
"334",11,"splines (C files)","C","Russian",3,3,0,0
"335",12,"splines (C files)","C","Chinese (Simplified Han script)",3,1,2,0
"336",13,"splines (C files)","C","Chinese (Traditional Han script)",3,3,0,0
"337",14,"splines (C files)","C","Arabic",3,3,0,0
"338",15,"splines (C files)","C","Spanish",3,3,0,0
"339",16,"splines (C files)","C","Hungarian",3,3,0,0
"340",17,"splines (C files)","C","Catalan",3,3,0,0
"341",18,"splines (C files)","C","English (United Kingdom)",3,3,0,0
"342",1,"splines (R files)","R","English",27,27,0,0
"343",2,"splines (R files)","R","Danish",27,15,7,5
"344",3,"splines (R files)","R","German",27,27,0,0
"345",4,"splines (R files)","R","French",27,26,1,0
"346",5,"splines (R files)","R","Italian",27,23,4,0
"347",6,"splines (R files)","R","Japanese",27,19,6,2
"348",7,"splines (R files)","R","Korean",27,20,7,0
"349",8,"splines (R files)","R","Lithuanian",27,23,4,0
"350",9,"splines (R files)","R","Polish",27,27,0,0
"351",10,"splines (R files)","R","Portuguese (Brazil)",27,27,0,0
"352",11,"splines (R files)","R","Russian",27,27,0,0
"353",12,"splines (R files)","R","Chinese (Simplified Han script)",27,20,5,2
"354",13,"splines (R files)","R","Chinese (Traditional Han script)",27,23,4,0
"355",14,"splines (R files)","R","Arabic",27,23,4,0
"356",15,"splines (R files)","R","Spanish",27,27,0,0
"357",16,"splines (R files)","R","Hungarian",27,14,12,1
"358",17,"splines (R files)","R","Catalan",27,27,0,0
"359",18,"splines (R files)","R","English (United Kingdom)",27,27,0,0
"360",1,"stats (C files)","C","English",213,213,0,0
"361",2,"stats (C files)","C","Danish",213,59,125,29
"362",3,"stats (C files)","C","German",213,207,0,6
"363",4,"stats (C files)","C","French",213,212,1,0
"364",5,"stats (C files)","C","Italian",213,203,2,8
"365",6,"stats (C files)","C","Japanese",213,180,24,9
"366",7,"stats (C files)","C","Korean",213,165,41,7
"367",8,"stats (C files)","C","Lithuanian",213,200,4,9
"368",9,"stats (C files)","C","Polish",213,212,1,0
"369",10,"stats (C files)","C","Portuguese (Brazil)",213,185,20,8
"370",11,"stats (C files)","C","Russian",213,208,0,5
"371",12,"stats (C files)","C","Chinese (Simplified Han script)",213,173,31,9
"372",13,"stats (C files)","C","Chinese (Traditional Han script)",213,188,17,8
"373",14,"stats (C files)","C","Arabic",213,13,200,0
"374",15,"stats (C files)","C","Spanish",213,209,4,0
"375",16,"stats (C files)","C","Dutch",213,1,212,0
"376",17,"stats (C files)","C","Hindi",213,2,211,0
"377",18,"stats (C files)","C","Hungarian",213,1,212,0
"378",19,"stats (C files)","C","Catalan",213,8,2,203
"379",20,"stats (C files)","C","English (United Kingdom)",213,208,1,4
"380",21,"stats (C files)","C","Indonesian",213,2,211,0
"381",1,"stats (R files)","R","English",837,837,0,0
"382",2,"stats (R files)","R","Danish",837,44,759,34
"383",3,"stats (R files)","R","German",837,799,16,22
"384",4,"stats (R files)","R","French",837,806,16,15
"385",5,"stats (R files)","R","Italian",837,780,27,30
"386",6,"stats (R files)","R","Japanese",837,715,50,72
"387",7,"stats (R files)","R","Korean",837,589,197,51
"388",8,"stats (R files)","R","Lithuanian",837,759,37,41
"389",9,"stats (R files)","R","Polish",837,806,16,15
"390",10,"stats (R files)","R","Portuguese (Brazil)",837,795,17,25
"391",11,"stats (R files)","R","Russian",837,792,22,23
"392",12,"stats (R files)","R","Turkish",837,325,366,146
"393",13,"stats (R files)","R","Chinese (Simplified Han script)",837,691,59,87
"394",14,"stats (R files)","R","Chinese (Traditional Han script)",837,737,40,60
"395",15,"stats (R files)","R","Arabic",837,830,4,3
"396",16,"stats (R files)","R","Spanish",837,803,18,16
"397",17,"stats (R files)","R","Hindi",837,9,797,31
"398",18,"stats (R files)","R","Hungarian",837,9,824,4
"399",19,"stats (R files)","R","Catalan",837,198,17,622
"400",20,"stats (R files)","R","English (United Kingdom)",837,796,17,24
"401",21,"stats (R files)","R","Czech",837,3,834,0
"402",1,"stats4 (R files)","R","English",8,8,0,0
"403",2,"stats4 (R files)","R","Danish",8,3,4,1
"404",3,"stats4 (R files)","R","German",8,8,0,0
"405",4,"stats4 (R files)","R","French",8,8,0,0
"406",5,"stats4 (R files)","R","Italian",8,8,0,0
"407",6,"stats4 (R files)","R","Japanese",8,3,4,1
"408",7,"stats4 (R files)","R","Korean",8,3,4,1
"409",8,"stats4 (R files)","R","Lithuanian",8,8,0,0
"410",9,"stats4 (R files)","R","Polish",8,8,0,0
"411",10,"stats4 (R files)","R","Portuguese (Brazil)",8,8,0,0
"412",11,"stats4 (R files)","R","Russian",8,8,0,0
"413",12,"stats4 (R files)","R","Turkish",8,3,4,1
"414",13,"stats4 (R files)","R","Chinese (Simplified Han script)",8,4,3,1
"415",14,"stats4 (R files)","R","Chinese (Traditional Han script)",8,3,4,1
"416",15,"stats4 (R files)","R","Arabic",8,8,0,0
"417",16,"stats4 (R files)","R","Spanish",8,8,0,0
"418",17,"stats4 (R files)","R","Hungarian",8,8,0,0
"419",18,"stats4 (R files)","R","Catalan",8,7,0,1
"420",19,"stats4 (R files)","R","English (United Kingdom)",8,8,0,0
"421",20,"stats4 (R files)","R","Czech",8,8,0,0
"422",1,"tcltk (C files)","C","English",10,10,0,0
"423",2,"tcltk (C files)","C","Danish",10,9,1,0
"424",3,"tcltk (C files)","C","German",10,10,0,0
"425",4,"tcltk (C files)","C","French",10,10,0,0
"426",5,"tcltk (C files)","C","Italian",10,10,0,0
"427",6,"tcltk (C files)","C","Japanese",10,9,1,0
"428",7,"tcltk (C files)","C","Korean",10,9,1,0
"429",8,"tcltk (C files)","C","Lithuanian",10,10,0,0
"430",9,"tcltk (C files)","C","Polish",10,10,0,0
"431",10,"tcltk (C files)","C","Portuguese (Brazil)",10,10,0,0
"432",11,"tcltk (C files)","C","Russian",10,10,0,0
"433",12,"tcltk (C files)","C","Chinese (Simplified Han script)",10,10,0,0
"434",13,"tcltk (C files)","C","Chinese (Traditional Han script)",10,9,1,0
"435",14,"tcltk (C files)","C","Arabic",10,10,0,0
"436",15,"tcltk (C files)","C","Bengali",10,1,9,0
"437",16,"tcltk (C files)","C","Spanish",10,10,0,0
"438",17,"tcltk (C files)","C","Hungarian",10,9,1,0
"439",18,"tcltk (C files)","C","Catalan",10,10,0,0
"440",19,"tcltk (C files)","C","English (United Kingdom)",10,10,0,0
"441",1,"tcltk (R files)","R","English",30,30,0,0
"442",2,"tcltk (R files)","R","Danish",30,28,1,1
"443",3,"tcltk (R files)","R","German",30,30,0,0
"444",4,"tcltk (R files)","R","French",30,30,0,0
"445",5,"tcltk (R files)","R","Italian",30,30,0,0
"446",6,"tcltk (R files)","R","Japanese",30,29,1,0
"447",7,"tcltk (R files)","R","Korean",30,29,1,0
"448",8,"tcltk (R files)","R","Lithuanian",30,29,1,0
"449",9,"tcltk (R files)","R","Polish",30,30,0,0
"450",10,"tcltk (R files)","R","Portuguese (Brazil)",30,30,0,0
"451",11,"tcltk (R files)","R","Russian",30,30,0,0
"452",12,"tcltk (R files)","R","Chinese (Simplified Han script)",30,30,0,0
"453",13,"tcltk (R files)","R","Chinese (Traditional Han script)",30,29,1,0
"454",14,"tcltk (R files)","R","Arabic",30,26,0,4
"455",15,"tcltk (R files)","R","Spanish",30,30,0,0
"456",16,"tcltk (R files)","R","Nepali",30,1,29,0
"457",17,"tcltk (R files)","R","Hungarian",30,28,2,0
"458",18,"tcltk (R files)","R","Catalan",30,7,0,23
"459",19,"tcltk (R files)","R","English (United Kingdom)",30,30,0,0
"460",1,"tools (C files)","C","English",42,42,0,0
"461",2,"tools (C files)","C","Danish",42,10,29,3
"462",3,"tools (C files)","C","German",42,40,2,0
"463",4,"tools (C files)","C","French",42,39,3,0
"464",5,"tools (C files)","C","Italian",42,37,3,2
"465",6,"tools (C files)","C","Japanese",42,32,6,4
"466",7,"tools (C files)","C","Korean",42,30,8,4
"467",8,"tools (C files)","C","Lithuanian",42,36,4,2
"468",9,"tools (C files)","C","Polish",42,39,3,0
"469",10,"tools (C files)","C","Portuguese (Brazil)",42,36,6,0
"470",11,"tools (C files)","C","Russian",42,40,2,0
"471",12,"tools (C files)","C","Chinese (Simplified Han script)",42,36,6,0
"472",13,"tools (C files)","C","Chinese (Traditional Han script)",42,32,6,4
"473",14,"tools (C files)","C","Arabic",42,40,2,0
"474",15,"tools (C files)","C","Spanish",42,38,4,0
"475",16,"tools (C files)","C","Dutch",42,1,41,0
"476",17,"tools (C files)","C","Hindi",42,2,40,0
"477",18,"tools (C files)","C","Hungarian",42,6,34,2
"478",19,"tools (C files)","C","Catalan",42,26,3,13
"479",20,"tools (C files)","C","English (United Kingdom)",42,37,3,2
"480",21,"tools (C files)","C","Indonesian",42,2,40,0
"481",1,"tools (R files)","R","English",463,463,0,0
"482",2,"tools (R files)","R","Danish",463,42,389,32
"483",3,"tools (R files)","R","German",463,437,11,15
"484",4,"tools (R files)","R","French",463,440,13,10
"485",5,"tools (R files)","R","Italian",463,401,18,44
"486",6,"tools (R files)","R","Japanese",463,322,74,67
"487",7,"tools (R files)","R","Korean",463,280,130,53
"488",8,"tools (R files)","R","Lithuanian",463,378,37,48
"489",9,"tools (R files)","R","Polish",463,436,13,14
"490",10,"tools (R files)","R","Portuguese (Brazil)",463,405,15,43
"491",11,"tools (R files)","R","Russian",463,420,20,23
"492",12,"tools (R files)","R","Turkish",463,2,461,0
"493",13,"tools (R files)","R","Chinese (Simplified Han script)",463,247,110,106
"494",14,"tools (R files)","R","Chinese (Traditional Han script)",463,333,70,60
"495",15,"tools (R files)","R","Arabic",463,446,15,2
"496",16,"tools (R files)","R","Spanish",463,422,33,8
"497",17,"tools (R files)","R","Hindi",463,0,462,1
"498",18,"tools (R files)","R","Nepali",463,1,462,0
"499",19,"tools (R files)","R","Hungarian",463,6,457,0
"500",20,"tools (R files)","R","Catalan",463,103,18,342
"501",21,"tools (R files)","R","English (United Kingdom)",463,426,15,22
"502",22,"tools (R files)","R","Indonesian",463,2,461,0
"503",1,"utils (C files)","C","English",59,59,0,0
"504",2,"utils (C files)","C","German",59,59,0,0
"505",3,"utils (C files)","C","French",59,58,0,1
"506",4,"utils (C files)","C","Italian",59,58,0,1
"507",5,"utils (C files)","C","Korean",59,48,7,4
"508",6,"utils (C files)","C","Lithuanian",59,55,1,3
"509",7,"utils (C files)","C","Polish",59,59,0,0
"510",8,"utils (C files)","C","Russian",59,59,0,0
"511",9,"utils (C files)","C","Chinese (Traditional Han script)",59,52,2,5
"512",10,"utils (C files)","C","Arabic",59,59,0,0
"513",11,"utils (C files)","C","Portuguese (Brazil)",59,57,1,1
"514",12,"utils (C files)","C","Spanish",59,50,9,0
"515",13,"utils (C files)","C","Dutch",59,2,57,0
"516",14,"utils (C files)","C","Hindi",59,5,54,0
"517",15,"utils (C files)","C","Hungarian",59,1,58,0
"518",16,"utils (C files)","C","Catalan",59,49,0,10
"519",17,"utils (C files)","C","English (United Kingdom)",59,59,0,0
"520",18,"utils (C files)","C","Danish",59,24,35,0
"521",19,"utils (C files)","C","Indonesian",59,1,58,0
"522",1,"utils (R files)","R","English",430,430,0,0
"523",2,"utils (R files)","R","Danish",430,37,355,38
"524",3,"utils (R files)","R","German",430,407,9,14
"525",4,"utils (R files)","R","Persian",430,5,422,3
"526",5,"utils (R files)","R","French",430,407,8,15
"527",6,"utils (R files)","R","Italian",430,396,17,17
"528",7,"utils (R files)","R","Japanese",430,331,63,36
"529",8,"utils (R files)","R","Korean",430,297,98,35
"530",9,"utils (R files)","R","Lithuanian",430,378,22,30
"531",10,"utils (R files)","R","Polish",430,404,10,16
"532",11,"utils (R files)","R","Portuguese (Brazil)",430,408,9,13
"533",12,"utils (R files)","R","Russian",430,402,13,15
"534",13,"utils (R files)","R","Turkish",430,7,420,3
"535",14,"utils (R files)","R","Chinese (Simplified Han script)",430,307,69,54
"536",15,"utils (R files)","R","Chinese (Traditional Han script)",430,347,47,36
"537",16,"utils (R files)","R","Arabic",430,420,8,2
"538",17,"utils (R files)","R","Spanish",430,403,15,12
"539",18,"utils (R files)","R","Dutch",430,2,428,0
"540",19,"utils (R files)","R","Hindi",430,1,429,0
"541",20,"utils (R files)","R","Nepali",430,3,427,0
"542",21,"utils (R files)","R","Hungarian",430,8,422,0
"543",22,"utils (R files)","R","Catalan",430,21,15,394
"544",23,"utils (R files)","R","English (United Kingdom)",430,401,15,14
"545",24,"utils (R files)","R","Czech",430,1,429,0
"546",25,"utils (R files)","R","Indonesian",430,1,429,0
"547",1,"Mac GUI","English","English",505,505,0,0
"548",2,"Mac GUI","English","German",505,505,0,0
"549",3,"Mac GUI","English","French",505,505,0,0
"550",4,"Mac GUI","English","Italian",505,504,1,0
"551",5,"Mac GUI","English","Japanese",505,505,0,0
"552",6,"Mac GUI","English","Dutch",505,503,2,0
"553",7,"Mac GUI","English","Spanish",505,505,0,0
"554",8,"Mac GUI","English","Arabic",505,505,0,0
"555",9,"Mac GUI","English","Hindi",505,0,505,0
"556",10,"Mac GUI","English","Nepali",505,12,0,493
"557",11,"Mac GUI","English","Turkish",505,35,470,0
"558",12,"Mac GUI","English","Hungarian",505,144,361,0
"559",13,"Mac GUI","English","Catalan",505,505,0,0
"560",14,"Mac GUI","English","English (United Kingdom)",505,1,504,0
"561",15,"Mac GUI","English","Russian",505,505,0,0
"562",16,"Mac GUI","English","Pangasinan",505,0,505,0
"563",17,"Mac GUI","English","Portuguese (Brazil)",505,505,0,0
"564",18,"Mac GUI","English","Polish",505,505,0,0
"565",19,"Mac GUI","English","Czech",505,130,375,0
"566",20,"Mac GUI","English","Bengali",505,0,505,0
"567",21,"Mac GUI","English","Danish",505,103,402,0
"568",22,"Mac GUI","English","Persian",505,0,505,0
"569",23,"Mac GUI","English","Indonesian",505,65,440,0
"570",24,"Mac GUI","English","Korean",505,0,505,0
"571",25,"Mac GUI","English","Lithuanian",505,0,505,0
"572",26,"Mac GUI","English","Norwegian Nynorsk",505,0,505,0
"573",27,"Mac GUI","English","Albanian",505,0,505,0
"574",28,"Mac GUI","English","Urdu",505,0,505,0
"575",29,"Mac GUI","English","Chinese (Simplified Han script)",505,6,499,0
"576",30,"Mac GUI","English","Chinese (Traditional Han script)",505,0,505,0
